{
  "seed": 0,
  "beta": 1e-06,
  "latent_dim": 10,
  "fixed_sigma": 0.1,
  "T": 1000,
  "epochs": 10,
  "batch_size": 128,
  "latent_points": 100000,
  "latent_batch_size": 512,
  "hidden": 256,
  "lr": 0.001,
  "fid_real": 10000,
  "fid_gen": 10000,
  "fid": 9.278092072899781,
  "sample_time_seconds_for_fid_gen": 9.978466542001115,
  "samples_per_second": 1002.1579927044147
}